CustomerId,FirstName
1,IOzZbeEkLe
2,BbUtwPDVyu
3,NQHNhkPNiB
4,TEvabIomBV
5,evPeFxoRdm
6,sVaSFizrJd
7,IYXMkILJUr
8,aqVNjbmxsD
9,AfMMdBfuSN
10,hOAuBGeBXQ
11,glfbnfDcWq
12,zmXPbEvfqu
13,wNyqdgofzT
14,ZRtyZXPjlf
15,waBkwLCWmF
16,qQaBBjkSDM
17,qCRuWFVpSn
18,MCmyYIkXrR
19,LGwBTtCFGM
20,RelpOdaxSz
21,aecwceskJa
22,InykMrdMGZ
23,TXuAcgEfgG
24,WCufZjSkfd
25,JzbPQekBZC
26,venofCDYLK
27,vHdpJIpMkL
28,SnJKCNOrcC
29,obZNBdOncE
30,mxjjgldMFM
31,QlIcAfHLVc
32,aCPdfqkbFY
33,XaxOYGMTWg
34,wLEYJASYCu
35,vbBZZsomkP
36,neuxJlXxmM
37,fefIMwdjJd
38,VwJFNRXkFu
39,jbEinWkEBG
40,WlHUNSzZKz
41,abvAbfOlqx
42,hmgnpxeeQI
43,vEMhjPItPR
44,EMgYZhmmUn
45,BQZczyBZrg
46,EDGIfGsNKO
47,BzSvfjSEIq
48,zGNYMrzEKr
49,ylOZmZpTtU
50,FNbItTlJEq
51,uYERYkmVlW
52,MoaVqgXfJU
53,DwhWrUEhZB
54,lIfOGYEwLP
55,nnubXxVRbs
56,ThudOLHRwN
57,tsqwMgPGgw
58,TuvGSkVUOM
59,fvYhMHmVRv
60,cyGmjmDVsT
61,TEGnmmqJlg
62,LgpnVwnBKL
63,LwYCwilduJ
64,sKxTYxGvXO
65,dYGVAsNWvr
66,GiaNHWGNNH
67,AgObWZVbSu
68,UiUWVjMTMc
69,CgkWOisfcX
70,SCYFNVWiaA
71,RhyirTXdqm
72,LmKzQRSJWR
73,TzjbKRGYPt
74,KmghUnssQM
75,ClQgBwVxXd
76,JrklkecKtj
77,KnBTvJLdiV
78,CNfYsffQZU
79,DPdlKijnDH
80,eEzdvuMito
81,HLaHQvGhmd
82,OhBgtHzNtP
83,lopVQIezhP
84,aQlUnNQaDy
85,jewhENxwZd
86,VdvtOSxiuA
87,ZkKkgChhCu
88,iewQBZjmVg
89,KFrnFEfcjV
90,uWmoCBRpEi
91,qXStBQADhq
92,znxDohLFQE
93,QRkrrhFFMN
94,qKbLlZUINx
95,zBaCouMtsp
96,thmLJWRHJa
97,DTIdXPcBVv
98,HxxyraIZcP
99,ImIoYQvmzp
100,WZnYVOvLRl
101,AoJeZYaMcX
102,cRBQtkIwtg
103,PMNGZtlkoA
104,PhHwRyALMG
105,AbEhGvSgWM
106,krqsEkQqCC
107,qxyBkjRotV
108,qEIJOnhgwL
109,WZnHhbanAc
110,ZlXQatMLBz
111,ZBMdGnmpDs
112,vRHHfCNuMd
113,jnmjlZVtso
114,SlAoeogZjP
115,TUPtfvNJZE
116,OBHpOysyPH
117,DJBgwfsurJ
118,uaGHLkoNNC
119,sBeWBmPNrV
120,iDIJZUlnsl
121,QLXMdDwysq
122,KvNhbXoiiF
123,LCYuUGPYPp
124,XzpHZEFkNC
125,HcXeZAuwBO
126,ScxOGRUkUW
127,tgIvOfPmQj
128,KUYxhaNAKD
129,WisABIbrvf
130,dqYIHMNvzU
131,vSFtfONvil
132,QsarNUXUdQ
133,FjNWXmQsxa
134,PJopWAJPnR
135,NNrCyTMFHO
136,aIrKWrAhIR
137,frQOzzqRfg
138,RIdjxukrli
139,RvAuJUMCQp
140,UobfwxtmAf
141,clWxNPkHGA
142,wQiLzwrlXj
143,cseLIEBTFV
144,IVGQXrlCPt
145,yztEkdvHiZ
146,lEqACqzXgj
147,xiGsGFOuIi
148,rnsNOOlNgZ
149,KUvCjnRLZF
150,btozHubkvf
151,nUnusfcZsN
152,OZYDmmRksI
153,IyfzZNVdfv
154,UBgkSZxIoF
155,pmbfHtKLNn
156,FAxrJMvEot
157,kqNxmKZDRj
158,ekVPmWrguS
159,fBstWfFTto
160,mkWqpIDLoG
161,zSXshHnmNX
162,bvKiAnIqbQ
163,qGiFxQfmbL
164,EGeuAPiThq
165,yRRHNxTKkx
166,hWymOwlFwl
167,rjwGHPTFDD
168,HRGUazUJwD
169,erhRoymnsV
170,ZyaEElBgVT
171,zepXlfMmBW
172,izNlasXbtJ
173,kLfXsdUseB
174,YFtYfdGuVs
175,jUhVEYwSRL
176,WaKkCJFAWd
177,gMIkMxBzDz
178,PBccksmbPd
179,hSScIKDgEd
180,asnJlAMEUS
181,mwbmedGNFu
182,KQVTPyLLrP
183,bCGaotPieb
184,CAcaOOUcEA
185,nHSfYwNIot
186,bDljPcFjtm
187,dCarhIHyzZ
188,ptlbgFxCHE
189,oTDlaoAzzs
190,VQSoBoSpLP
191,PyefPNamXH
192,IuFIosAJth
193,ECJFZoMCUO
194,uzQSyvFVUX
195,dDFyTTRUtb
196,upxaCCXkoY
197,lWaAsjlXVo
198,rTmeWipHDU
199,HueuhsqUJF
200,jALqjwaWor
201,kSgdvzckpl
202,yqLVupcjSS
203,nPmkWKzztq
204,dOasRnQQWF
205,vItABpJULO
206,mVMdDMPZfy
207,SmkRzZSfhh
208,QrEEalFZvE
209,FtwHfURHVh
210,ZhwkmcasGu
211,ZaLGfagzcY
212,wdNWKpZwjM
213,mYHRjAvXqH
214,PUehhJVhOy
215,IkMGYpAabd
216,bAyUadwFbf
217,wNVOJBzxcO
218,aHBgoMWQiZ
219,DHMyHpBwOt
220,DBVSjVyaHi
221,SQzsVuQwHm
222,yzdknAcKEo
223,xFySQjllIo
224,BYcDkJytnr
225,qvSFDZoSPM
226,NKJrNkvIFH
227,oGZevlbmYA
228,YyWixvDPhh
229,wShbiNudOe
230,renlkNYvpS
231,QzhHijhHrI
232,JiLqdmIWkD
233,WpOPtWjMWk
234,dJyRcEFYyC
235,HHyaWokFCu
236,CkkmJANZuN
237,ZWBMOsIFBs
238,wmLCjdMmrU
239,zrfQkHuViF
240,xWwzwnyJtu
241,EdEmSSpHVk
242,MUqCSybxCB
243,NOUlEWJzVY
244,WVZoTxvQzq
245,VdyXrNybjq
246,KNyJovGLyb
247,XcDnLNyiJb
248,rRtxOOQKuX
249,hWcMYpiYIK
250,PlXJiwDqVy
251,CPjzcmnIlx
252,oTWSwNaNhl
253,IzFlEPlBww
254,XsNEsSkeXj
255,JpVGflRDiJ
256,FmwGIauchJ
257,cMOHyvzttp
258,BfdDhMOIYS
259,PHUynDRIlE
260,VnptnxMyTk
261,EpqpCsdumE
262,VTavXMMucv
263,LbRySZkVjH
264,IbpvNIjTeG
265,PGvjIkaabN
266,bPMUPdjQKK
267,EhkYgKGWuj
268,LfuinHnfUP
269,QSHYgTLJRa
270,PAQvJDaRub
271,qbtpGYcyyk
272,ulXgROjUzb
273,lIyRwVgejm
274,IEsVBvGJxt
275,PaKanNoLss
276,rxepDaRMdA
277,YnHDbKPJWk
278,xyssSObQIb
279,hBSPVlJPiO
280,oEdSbpJzBT
281,iMvoGiTtOP
282,vcntolKyZe
283,AExuXXYevu
284,tBsLIfuaIN
285,hwEWXfekPV
286,PWXXcGAJDI
287,orBRAcTmlu
288,uFyGUeYYGD
289,ElLPtxyIYm
290,zelJRYIUpH
291,AyeXOGaOiT
292,ibRhyAfpRi
293,dVwJEiYZft
294,pVQWJCYTYl
295,IlowgBPBSf
296,EbTqSDUNiS
297,RLBjcejsRW
298,NhqZvLWjlE
299,tYtbAUyOly
300,ddUPEZCnfJ
301,SmLgEzIkwT
302,FPanOyDogS
303,LolgRUcaEO
304,DBBbGViaUn
305,JaliulMuht
306,EwHxpcKVAY
307,xWQilAWbXM
308,LlJETnzWNW
309,bDxnNtfdtj
310,niblDgkncX
311,OcTDYNqYgQ
312,quhXxHiJBw
313,pQeluDubrC
314,ofRzATrxAC
315,ecdIAPeTPE
316,LQyXdcFiyH
317,XATGjUPxRl
318,hBPlKvcrQf
319,oefGYHIhmu
320,etFiRWripz
321,YXeizQESAE
322,hMUqNTJzQE
323,RHSXgfRSBy
324,rTcLVKcexk
325,pXlLmRCDWS
326,jICfFegmZK
327,SogwXRbFNH
328,epRwftHjxk
329,eBmCwjIptz
330,TQEsDLVOSB
331,DLsPvVDuhG
332,TNcnBezxSx
333,MwVUcCPaFr
334,PIJuWNCwya
335,HBbMCnoAmV
336,AKYtWTbEyr
337,yBXIdjaGSv
338,WczUAFBqZE
339,oGvIiWiFNK
340,Hnyydgttrn
341,SwzSJfXqxT
342,lIuMEnkvxV
343,vDFPxkajnf
344,QexQiGcdtW
345,SDQaCzBEaa
346,uyrDmAMGTp
347,UanWJBJrYY
348,rrIcxmePNq
349,xCkVzkKkeI
350,HfwGFjYlws
351,kSiXdqpqpz
352,OQNYuRpebB
353,cDIsbHHrWj
354,uktjhlEXKd
355,AVbTEonVHW
356,qaLKmXggAQ
357,eFQeymsUid
358,XPDmWDAIhL
359,wVEdqxkKeP
360,btnVncdaWm
361,LeezUjjfAv
362,MYESpwDeKh
363,ZdBFDZjIWc
364,VPsKNWEqGX
365,UfrZMpkPfs
366,pGlzOTHZjI
367,RymVbSrGUM
368,JozMEUwTDJ
369,yGAxmLBuvn
370,wckbSknaqi
371,WFKTNPhhwU
372,tsjNHGltFe
373,MGyQuWEMmP
374,UNuzIQlVlt
375,DIIgltnzXa
376,KEEwEhBtmH
377,SpBHhreaeg
378,RjBctocTHT
379,uZqPhmHsbH
380,mXvUXvhlcT
381,fwXAqzYBZe
382,eCHFmSYSMg
383,HvKnDzHkcw
384,DnezcIAVEh
385,vCFChsEJEN
386,VMBEyepQEp
387,wLXLizLSsp
388,dnGiDAJoje
389,EOrGZkPqXX
390,wOXNXpVroA
391,edgZVHQQoW
392,QOOqhaNMap
393,IRrGxestbv
394,KfnDEGKfCq
395,wIRiupuSDn
396,xDacNQdhuE
397,shjKUoboXB
398,htjnfnVifd
399,VtqZwYgkcY
400,McHGdSUhLm
401,efBlHtQfON
402,PSNhtjzZDx
403,weVKtTGXFd
404,GUzJWRbcwr
405,HCpBNNvMaF
406,IpdGuKnYDB
407,DEWPajyXrx
408,xitsfmaabE
409,CPXslflSAl
410,oQlWAvJeuX
411,kNKSmNChbE
412,PJyEjbuGma
413,bZAORJtaHA
414,lUXwSdCQBC
415,IjEfQHFKDE
416,TbPWVCQxyd
417,dnCxmznvbn
418,xNYAHlPOod
419,pDywAzUjUR
420,jkcKTtYqKu
421,OuIMjHDSlA
422,OjGhSDFzYD
423,ClquyTrQQg
424,yYDoIIrsOa
425,sTcvZnuuNi
426,ljMLIpYfxK
427,PKONzgQfdR
428,lDWCeAAJtR
429,aRWRKhamZb
430,yFatKUtHOI
431,qbyOvepbjN
432,UIMRztWdyD
433,jHARQePQxq
434,DaJPWXafLZ
435,TGpaVBhZKU
436,FSxloONTdM
437,BFkoPhytPe
438,IFoVQkAnzh
439,OggWNdyLbB
440,UmMonQJNQh
441,pguCNophdb
442,pCbACPDcEW
443,JWClDZVXdL
444,bMwNllLixr
445,BtqIwxWiaf
446,GVKfPgexLT
447,LvQrClAmzx
448,zYaDasjflk
449,gNHuVOpwky
450,ZAxfqZgiXm
451,OWPexteCxR
452,FVMFEWyMZh
453,ZLXWDiPkgB
454,XJvqZGSGbi
455,RBYcQefMBT
456,ZLSdgDKILS
457,WuQrApxtrQ
458,DQpaaIYHMx
459,FoiQXMpzFg
460,DYOamJQHzf
461,DQEgVHWtbL
462,VkgBFcNQgP
463,JfJxBGClXU
464,vvpBYjOLFC
465,UcdYINtUrE
466,FEvdxpelLp
467,iXqWqUAiln
468,LJiNkvcKgc
469,Yncbmghdue
470,QKOjIJKqpM
471,WBVxBZMLJW
472,kzgJsXdsGp
473,VzNnlvrnIq
474,zdHXywcoEa
475,TUOizdjNjw
476,gNvwTbbGVL
477,PngkXtfRqT
478,wygDFtncbm
479,aFjMbksLhp
480,CMVqIJttda
481,zKmUTxPtnA
482,leCZRVWQHX
483,apbfkdQqIs
484,AzxMcsmmxa
485,PwUQCrRqMh
486,tIUczWdOfz
487,NUPsKBlRpD
488,YuJYLVShex
489,TJSncEWqvg
490,GOPQedLVdJ
491,IRqDEpKKec
492,qoXNlGFjcZ
493,OIWCgOrVzE
494,bMWsgMXqtx
495,JnWfphVvHZ
496,AobCBTwzmR
497,rrxCmJEAVh
498,BvEqvGiMeA
499,gmiWfaXgww
500,AfldZqKRiU
501,IGzeIaPsyr
502,WdUJieJMIg
503,LeqTEeDEVP
504,WKcvUVQGTU
505,qGGYPXMHrS
506,fkvakGiuTB
507,QMBbDeOGTW
508,cNqJcwEITg
509,QGTdXJedOh
510,WJWvOorYti
511,cElMiNENuD
512,uWmYtXMyBN
513,rnUsvLCnGE
514,NsvmlkFqTF
515,weZcHNARPH
516,erkVSHKZjf
517,OVOojhOxAo
518,KGfwZWUXAc
519,yiaJWegWfn
520,dyidtssOZt
521,MHklYEGFmr
522,ApsaLtMZor
523,pFLvCijMHG
524,TIBmQLXEeX
525,bUwJrDPZzE
526,pvQsEEWSks
527,MQVqGyjqvG
528,xXJxiOaZDG
529,lMYwYHubPj
530,hUeZDJcObW
531,lfUyYcqGjw
532,zsOMoOnoSn
533,ykzRJUwLsu
534,aOYFAPPsCD
535,yuXSaZTkeE
536,qzWHrYovMH
537,mTkMcbhTAc
538,HSHtVuwluA
539,vfOYMqyAkH
540,hLfwhypYLI
541,FONQZPTAMh
542,snPnXarsAh
543,YcHvEuQZNu
544,RjXMVdklLZ
545,RxaLXoXZbR
546,yVuEfOEnNA
547,bezaRZgmQS
548,JOdsbrUGOh
549,rCEfdgpLkM
550,JZVYaYOEaP
551,pZMGTOJCWV
552,wARSplJwEd
553,lZXxGWDwjL
554,QRObjylqWv
555,PpCDoQIUCd
556,vBjQWlGbxK
557,ScpfVkwcKv
558,wNpzyizRtt
559,KlcKpjsbyK
560,NhmCDSTytu
561,WboHbJymTQ
562,ZtUmGxKKyJ
563,CXqskZliiu
564,PNDDzANOZv
565,JHsCfMylQn
566,qmvxHXcJrl
567,nZpnSBWStP
568,USmTPCNnla
569,dSywhxTUvO
570,FheSGRuFqe
571,EhMiAFPNPN
572,uenZVHpauN
573,medGaQTWHq
574,pCpYjvaJeb
575,LlztZsvAyU
576,rmQrtmjLbT
577,lVdAfVsifm
578,SjoibzPAen
579,giIVngHSSf
580,CsHcwTuSdP
581,tEhkIkdcfh
582,XGnpvIlDjG
583,mKtSTTMbIJ
584,nAXuLrwCwm
585,fEoHaEBdJG
586,CNgzcEAbfj
587,mBbcmjNTAW
588,prUIHEKRxk
589,GGGNztorfD
590,YUoICCWRdI
591,SRaHKErXfq
592,KeqfBwqphq
593,UUiOOpvVjL
594,FPiZrBowPZ
595,HSthnnyEcX
596,CgdqEHxnWe
597,RblPmTBXMW
598,wfntdlCcBl
599,uuEqWoDcmT
600,IFcXjbNTGN
601,SqwXWNyAiL
602,OCOvIXEbOc
603,MbWXfPKifS
604,hfGmudwKCB
605,appzXMeebg
606,ptOUeFjhQI
607,KSpBRPnWkI
608,gJWkHmAxMA
609,yhaTDXyHLN
610,wbfXUBKgwR
611,zHbZtYCIiK
612,jBQkqYEnPF
613,OaTSHmJHQi
614,NUmewRUFnj
615,YIGODfUAUm
616,QxncltawIj
617,uUfdPDYqqS
618,jxZtbFVKMW
619,PVQoXZfcPA
620,uYjIgirIom
621,IujpnTysCt
622,ANGvWzlNRE
623,eJceEKBckg
624,unaoUWNYYc
625,hiqQmBHmTe
626,dFOffAkOXK
627,MmEmpyAAoI
628,fALyxRnUCs
629,MveGYKAZVn
630,wyYzonVzee
631,ndadtFCZDj
632,tEJbtYjohl
633,rbyKCErxwL
634,oLnHZCKlTj
635,VgqJaHWngE
636,WvqLelhzYU
637,qabJmJAvqp
638,mSwTiDAmKE
639,GgdkkjmVZu
640,zGnbYZxLhZ
641,jRXXPSAoGC
642,pqKeDVLaqF
643,BadMMNCWBJ
644,nMfDaFOcip
645,QlYxOcXxri
646,ykOEpdQPtQ
647,qRXpIOiYQK
648,iyWITMAWJY
649,HMvQTcWwQf
650,kntPeeaOkx
651,VQdHXsHmRT
652,tsNJUWXwTk
653,QCawnpoZFW
654,laeEqMerzF
655,ySrrXpjscH
656,ApvTUBFPzy
657,GwwQiGXJUD
658,ItesOqFwFW
659,EjiDgNWPqD
660,apPzNUSzDS
661,giviFxldbq
662,IFJYjpGqfU
663,GdTFvCZigs
664,fSnUASjhZg
665,ytYoorxjcZ
666,qFzeoZVFyj
667,FsENtgdmrv
668,skZFBYhVRQ
669,OIuDaEhhLy
670,ErssaotFGj
671,JXgoicJDOO
672,zcKSQgjLwb
673,QxZRDbOsqv
674,lfRHuMygme
675,aDJuPatrFq
676,qbldVotqVg
677,UQdgrueyzV
678,fYHYLExQHj
679,NynFHYfsLM
680,EylQLJIOOq
681,ubXIcrumii
682,xMHKykOwjA
683,RAdRVDfZSn
684,zCzexWgYTs
685,UoJZkGxTsk
686,WyvPnHFqul
687,VweerVPsGL
688,SYwCUDhrWe
689,nIiRnAqUfq
690,fnqOvDxIUl
691,NxusKYWfHB
692,qihJtNyRGA
693,nzKWrykQAv
694,ERGPWgWscK
695,tmAycdeusE
696,QAJlbFlXlr
697,fOBywLsdHO
698,vIOgMosEfj
699,jSWOlEtPGL
700,MeIYrWBPop
701,zjFDlhQjvi
702,eMQOUVKqil
703,UltZewqsWs
704,rcIWKUQUTY
705,URyBWhxgus
706,FnUQkrvZoH
707,UsAoWxFaIh
708,UaZFcgBIZI
709,uCVBpkzVjv
710,moKYIjjmfv
711,RonkcUynvc
712,IWDFvFfFYg
713,rraXAoehDm
714,nHHBGloaCm
715,TsDtxXeVQk
716,vFToqtAtgD
717,YlgCRNrTcG
718,fSKUUTRPve
719,fgVfBUDfTQ
720,kLCDBNLFWJ
721,bjkQVgOzEo
722,BSlvemwfod
723,NpTCjKYKNZ
724,LVqhUhVhYk
725,OQEttQfPzN
726,jVttCYjrqV
727,WfTLRlyowY
728,IqVsZmWnqR
729,HDNbxGaLUb
730,WMxTidgZaW
731,hmnMEJvOpc
732,KTQtwfItfQ
733,WsRaSzqMSc
734,bzJPpTdgrM
735,aUcKlhsbkN
736,UhUfamVrtY
737,FUSSURuHQQ
738,JlKZvENFHj
739,PjNfDxKTpD
740,ZPHCKiyZCn
741,gwAmxbJjpH
742,OemlzIriRF
743,ZWnJLwNhXU
744,JAmtnBpfEV
745,qDVpTPLemT
746,LENbUXtYsC
747,YlQblAEHUU
748,vBzppmBFrO
749,afyIurQAaY
750,NDtJafgPOM
751,rfDfkOgvGP
752,nXKRsVMmbY
753,qdHdGUfMMt
754,igXABhCmrW
755,ruqCqSycbz
756,JmjiTsOPXN
757,SVClWrwEtx
758,YalMjojbGZ
759,tWcJAsDZaI
760,qxZCCCxYva
761,sDIsjmgBAi
762,ozZRdNdSSD
763,kZsJNxtzvn
764,NEBGnoZrYu
765,oFcJalPwpv
766,UmXgcEqQCh
767,uuKyXbGVIX
768,amFWtrFLoR
769,iKCtoYuocL
770,fhcTGIPpmC
771,NFQIlEmBBD
772,ZfpNgNybZk
773,IbIAWgFsJN
774,ZwzCldjlhq
775,SoDMHLogyP
776,hqBLkZSyWI
777,eRfDbNCuCk
778,NGaRVjnQnm
779,lPlNOsqukK
780,qCdazqezDO
781,BojItRhZBG
782,kdQPDhdsKj
783,zExbEZUpcG
784,oNnNShdhRK
785,YMIOXtVuwC
786,NakrJGcJut
787,PLWiVfjdxT
788,yOnKNZqDMf
789,xNoAquUbzt
790,zpLsCUVzRw
791,CIjFPvciQL
792,ZCxJoEvQkj
793,DOdpJZhwPL
794,AvDLOjZZAG
795,zXKmFLgNAd
796,KfmoETSagi
797,hCLvMeAYWH
798,HtvqKuTGfN
799,vsIxGfnwAj
800,QTgcjIHTWD
801,pbPfJPJGCB
802,iCVTYlydCB
803,ydoNabaFAQ
804,TaHnZDHeTx
805,sDmVlNgDAC
806,zyglkiizSf
807,KENRBZzMJo
808,KQqrpRHQas
809,workthIprW
810,qqFZFcOuxD
811,tEHeuGChEF
812,qrnnJYjymm
813,jBIzsgqJmC
814,VPGzUheymT
815,YYkhyAtKZU
816,UTcNEqjiVZ
817,OwMHuEULWX
818,NitBeLYaji
819,VsMzxSRTdK
820,ORUVWbLxDl
821,dywsCwjXcP
822,wkWCpcmCvQ
823,FxnzTrFTJL
824,PfXbWusFVp
825,soxqVOCnhw
826,fjnTHZoYuj
827,SDOwCaTWUa
828,yLkFbKbOhz
829,simPFfElCL
830,jOTNEEQHaW
831,yqpPZjPgiA
832,zNSSOMjwTU
833,eRyqveEiTm
834,UVOGYhdSGp
835,qEvuumeLpR
836,mAGJUXtBvk
837,xAUpPqpIPm
838,zpMnhMLvwh
839,jbNiMsGtnn
840,paXHOuXIid
841,rywmuTplMM
842,EOIVEYMKzH
843,VIdudHxCJR
844,rOTkCePeiQ
845,opckNNGbvJ
846,VesBQbQISv
847,eMfbZdwWFR
848,dZtpPcAXHk
849,BHsjcWZkGW
850,WPmeWHImxS
851,KfCwIzIycW
852,wnJAOHFicm
853,SPvTCudMLp
854,DLspuGTvlC
855,GsbIbSnwXE
856,nQYvbCvIQi
857,OKMGKIumfn
858,GUcawPIFXa
859,MVbbJQszyk
860,yTuNSbDGGU
861,cnBbysjIzT
862,GmDRhqkKxU
863,hQgMFCrbPF
864,UkuVqUEtmt
865,rBmrDxICWm
866,TNtziVvmdn
867,YLwkeBrRFf
868,YYxRuFxSeI
869,WKTceOZoEV
870,FafrKpUKEg
871,JilrYjJbnx
872,XSOHFUuoUp
873,kLTsLcGfFp
874,eqxnPEjKnh
875,OCCzGxlhmE
876,ZQTDIeAKAp
877,PDbtBnDfJY
878,pRvJclhEfU
879,ooXAcZmtzh
880,pzpdpvOezo
881,dDAUzRnKRk
882,RJvoyoehbe
883,WWJNKohwbm
884,FxydytxVqF
885,PHLuNdTUZB
886,TxngAXjdWy
887,HIKAJJTcEP
888,EmoPTWLmDT
889,hRLdlAqdUH
890,kXHMEcyaMd
891,rAECEVhnYw
892,oOKhOWzIJD
893,qMsBKXXfag
894,WMuHqLKCuE
895,DWmFwttpVu
896,qNcPZxgHww
897,BXXNESTuBS
898,NktELItJbh
899,SVntPhDcwA
900,TGIYKwMmcw
901,WCKMwQPNtY
902,wzQSRwYaWc
903,PbeHtpkmKO
904,sKqDTEVZcg
905,VQLnwmhFxz
906,EfTNvzILYI
907,WADrBASjJE
908,HPfhAOJtgX
909,nzFYJiAPll
910,SfPCfFPbNI
911,FJRhQhUQKd
912,mPzszSxaQf
913,LgYuaMrSXK
914,SPLMgpmQXO
915,hVKlnuRmyK
916,EZqfhWUvuz
917,COYciVnocu
918,DIgStzhlwl
919,ULUgrYZIEZ
920,iCWqGeRVvb
921,RdgcedjPVo
922,AMMommGgNV
923,ghxlDnXvvL
924,omxZfzrTae
925,fMsLicIVYz
926,ZktMnTuScN
927,aaaqzumjEE
928,utUOQZgmnh
929,OEfujHxtLW
930,pEPtNSvASv
931,udujnDpsGf
932,XEPKKjUDQi
933,nbwuXdvEMy
934,FeiajghMDN
935,iNeOJNQpge
936,JSerFnVSxT
937,ZJaGMojYyP
938,jvRTnnykXe
939,sFNPnpndIw
940,yWVVBXPCtb
941,YNGjNnbHnX
942,aIwRWYTRxt
943,ltRGhatBwW
944,MKrAuWYCUA
945,KzMjEqYvtK
946,IaBRvPsPTf
947,ODAEXQRXrX
948,iOdPyyEvsL
949,BdwKdlBtSF
950,yEStxjUnuv
951,EpzmmqdZDN
952,vZItCvaQQY
953,oxnGcWYaqg
954,EmZXWObjCY
955,yErdrdCmci
956,ZiNBktEAFT
957,wFJtkqteye
958,JvLsUwOtoP
959,KklzlPBvok
960,iXutrLqrGr
961,AgQcibDXbe
962,KaYGbdzKwZ
963,NOPAnFehZu
964,vrQYLHXarr
965,DDDwwkHkyH
966,wVGeDeUhDv
967,OoWBadyxjc
968,pDhzvXwxYW
969,ebSdsBJOLz
970,FBRnJWnxPJ
971,JrZbvpfwRe
972,iThQoxAzZv
973,rlBRxeeEWF
974,xwLMlTgwLT
975,WuFHSBKHPh
976,SeWHjyjQau
977,dYnqmtDbsf
978,gILYeDtnHo
979,dagmHSSGqj
980,zIFCBeXizo
981,lZSQrJyDsu
982,QfnbrmnHDL
983,wMGIABzFJZ
984,hPeLxHOzZH
985,sfBIAiOoQq
986,YYonWlnxaB
987,NqDvCtKvgk
988,wOsOydeFRK
989,xDlbYaHxBv
990,ddIXWNKGtG
991,unkbyYNbJP
992,GtKkRZeENn
993,MJMnsjlCCV
994,qEWPokXRXf
995,wkQXGJrixG
996,lahqZTxAYC
997,GdVJzhJRkd
998,QspBDdgaqE
999,fZQKGkGCop
1000,gFiYYSpPBq
